{"path":"D:\\iss\\S3\\CA1\\data\\image_215.jpg","outputs":{"object":[{"name":"chair","polygon":{"x1":232,"y1":99,"x2":782,"y2":96,"x3":881.01,"y3":110,"x4":910,"y4":117,"x5":1010,"y5":131.01,"x6":1019,"y6":164.01,"x7":998.01,"y7":197,"x8":908.01,"y8":267,"x9":893,"y9":311.01,"x10":923,"y10":323,"x11":1002,"y11":368.01,"x12":1028.01,"y12":413,"x13":1028.01,"y13":425.01,"x14":1064.01,"y14":441.01,"x15":1061.01,"y15":459,"x16":1050,"y16":467,"x17":1008.01,"y17":468.01,"x18":1002,"y18":508.01,"x19":1011.01,"y19":579,"x20":1007,"y20":636,"x21":970,"y21":763,"x22":961.01,"y22":816,"x23":932,"y23":820,"x24":916,"y24":814.01,"x25":937,"y25":694.01,"x26":947,"y26":640,"x27":214.01,"y27":651.01,"x28":218.01,"y28":678.01,"x29":236,"y29":751.01,"x30":239,"y30":823,"x31":191.01,"y31":820,"x32":188.01,"y32":763,"x33":143,"y33":609,"x34":148.01,"y34":498.01,"x35":145.01,"y35":465.01,"x36":98.01,"y36":464.01,"x37":86,"y37":447,"x38":107,"y38":428.01,"x39":125.00999999999999,"y39":423,"x40":118.00999999999999,"y40":402,"x41":127,"y41":369,"x42":211.01,"y42":323,"x43":253,"y43":317,"x44":250,"y44":278.01,"x45":223,"y45":251.01,"x46":143,"y46":191.01,"x47":119,"y47":158.01,"x48":133,"y48":125.01,"x49":208.01,"y49":107}}]},"time_labeled":1583803031834,"labeled":true,"size":{"width":1200,"height":900,"depth":3}}