{"path":"D:\\iss\\S3\\CA1\\data\\image_226.jpg","outputs":{"object":[{"name":"sofa","polygon":{"x1":85.00999999999999,"y1":47,"x2":109,"y2":20,"x3":571.01,"y3":17,"x4":581.01,"y4":61,"x5":601.01,"y5":203,"x6":718.01,"y6":194,"x7":1040,"y7":208.99,"x8":1155,"y8":220,"x9":1173,"y9":241.99,"x10":1167,"y10":281,"x11":1049,"y11":691.99,"x12":1038.01,"y12":697,"x13":1029,"y13":721.99,"x14":946,"y14":737,"x15":928.01,"y15":731,"x16":395.01,"y16":838.99,"x17":382,"y17":836,"x18":341.01,"y18":844,"x19":335.01,"y19":844,"x20":332,"y20":868,"x21":214.01,"y21":891.99,"x22":106,"y22":571,"x23":46,"y23":241,"x24":55.01,"y24":230,"x25":119,"y25":218,"x26":88.00999999999999,"y26":80}}]},"time_labeled":1583829760193,"labeled":true,"size":{"width":1200,"height":900,"depth":3}}