{"path":"D:\\iss\\S3\\CA1\\data\\image_203.jpg","outputs":{"object":[{"name":"chair","polygon":{"x1":518.01,"y1":285,"x2":532,"y2":269,"x3":566,"y3":275.01,"x4":598.01,"y4":276,"x5":668.01,"y5":315.01,"x6":677,"y6":342,"x7":677,"y7":380,"x8":671.01,"y8":393,"x9":665.01,"y9":423,"x10":662,"y10":467.01,"x11":653,"y11":547.01,"x12":593,"y12":564.01,"x13":548.01,"y13":580,"x14":497,"y14":585.01,"x15":460,"y15":598.01,"x16":455.01,"y16":556,"x17":445,"y17":556,"x18":409,"y18":528.01,"x19":409,"y19":550,"x20":398.01,"y20":550,"x21":398.01,"y21":520,"x22":392,"y22":511.01,"x23":383,"y23":473,"x24":376,"y24":450,"x25":376,"y25":425.01,"x26":401.01,"y26":426,"x27":397,"y27":377.01,"x28":419,"y28":377.01,"x29":497,"y29":392,"x30":515,"y30":392,"x31":530,"y31":350,"x32":521.01,"y32":312}},{"name":"chair","polygon":{"x1":591,"y1":183,"x2":613.01,"y2":170,"x3":630.01,"y3":179,"x4":688,"y4":181.99,"x5":732,"y5":183,"x6":757.01,"y6":177,"x7":768,"y7":194,"x8":768,"y8":225.01,"x9":754.01,"y9":267,"x10":754.01,"y10":291,"x11":756.01,"y11":300,"x12":789.01,"y12":281.99,"x13":829.01,"y13":281.99,"x14":864.01,"y14":279,"x15":864.01,"y15":284.99,"x16":850.01,"y16":293,"x17":841,"y17":317,"x18":840.01,"y18":329,"x19":852,"y19":335.01,"x20":852,"y20":356,"x21":828,"y21":361.99,"x22":822,"y22":368.01,"x23":822,"y23":431,"x24":820.01,"y24":443,"x25":819.01,"y25":443,"x26":819.01,"y26":393,"x27":817.01,"y27":404,"x28":718,"y28":419,"x29":711,"y29":421.99,"x30":711,"y30":453,"x31":703.01,"y31":453,"x32":700.01,"y32":417,"x33":678,"y33":414,"x34":669.01,"y34":407,"x35":679.01,"y35":344,"x36":669.01,"y36":315.01,"x37":631,"y37":296,"x38":610.01,"y38":278.01,"x39":597.01,"y39":236,"x40":592,"y40":197}},{"name":"chair","polygon":{"x1":61.989999999999995,"y1":534,"x2":75.99000000000001,"y2":525,"x3":167,"y3":515.99,"x4":257,"y4":508,"x5":289.99,"y5":509.99,"x6":289.99,"y6":531.99,"x7":289.99,"y7":567,"x8":288.99,"y8":599.99,"x9":284,"y9":645,"x10":314,"y10":675,"x11":314,"y11":699.99,"x12":295,"y12":717,"x13":295.99,"y13":749.99,"x14":288.99,"y14":822.99,"x15":284,"y15":848.99,"x16":274,"y16":851.99,"x17":268.99,"y17":847,"x18":114.99,"y18":877,"x19":111.99,"y19":885,"x20":102.99,"y20":881.99,"x21":97,"y21":868,"x22":74,"y22":807,"x23":69.99,"y23":781,"x24":61.989999999999995,"y24":751,"x25":39.99,"y25":732.99,"x26":38,"y26":724,"x27":98,"y27":668.99,"x28":81.99000000000001,"y28":611.99,"x29":61,"y29":555.99}},{"name":"chair","polygon":{"x1":1.99,"y1":203,"x2":206,"y2":213,"x3":218.01,"y3":203,"x4":235.01,"y4":203,"x5":235.01,"y5":215.01,"x6":227,"y6":338.01,"x7":238.01,"y7":329,"x8":256,"y8":338.01,"x9":265.01,"y9":350,"x10":253,"y10":365.01,"x11":253,"y11":408.01,"x12":241.99,"y12":449,"x13":236,"y13":507,"x14":21.99,"y14":535.01,"x15":21.99,"y15":582,"x16":10,"y16":583,"x17":0,"y17":532}}]},"time_labeled":1583757281566,"labeled":true,"size":{"width":1200,"height":900,"depth":3}}