{"path":"D:\\iss\\S3\\CA1\\data\\image_230.jpg","outputs":{"object":[{"name":"chair","polygon":{"x1":198.99,"y1":61.989999999999995,"x2":355,"y2":58.989999999999995,"x3":451.99,"y3":41,"x4":495.99,"y4":46,"x5":605,"y5":37,"x6":702.99,"y6":43,"x7":799.99,"y7":50,"x8":835,"y8":55.010000000000005,"x9":908,"y9":65.01,"x10":937,"y10":65.01,"x11":997,"y11":70,"x12":978.99,"y12":146,"x13":912.99,"y13":253,"x14":898,"y14":317,"x15":907,"y15":434,"x16":907,"y16":454,"x17":1004,"y17":476,"x18":1104,"y18":530,"x19":1115,"y19":558.99,"x20":1105.99,"y20":617,"x21":1097,"y21":623,"x22":1098,"y22":685.01,"x23":1067,"y23":778.99,"x24":1061.99,"y24":808.99,"x25":1074,"y25":826,"x26":1049.99,"y26":871.99,"x27":1009.99,"y27":874,"x28":1001.99,"y28":811,"x29":1014,"y29":808,"x30":1012.99,"y30":748,"x31":991.99,"y31":685.01,"x32":1001.99,"y32":617,"x33":991.99,"y33":598.99,"x34":991.99,"y34":593,"x35":904,"y35":591.99,"x36":909.99,"y36":671,"x37":915.99,"y37":727,"x38":895.99,"y38":736,"x39":865.99,"y39":730,"x40":845,"y40":631,"x41":844,"y41":591.99,"x42":334,"y42":590,"x43":325.99,"y43":661,"x44":308,"y44":733,"x45":258.99,"y45":725.01,"x46":271.99,"y46":623,"x47":274,"y47":596,"x48":205,"y48":586,"x49":201.99,"y49":617,"x50":191,"y50":620,"x51":192.99,"y51":676,"x52":188,"y52":727,"x53":169.99,"y53":808.99,"x54":184,"y54":821,"x55":171.99,"y55":871,"x56":127,"y56":865.01,"x57":121,"y57":808.99,"x58":129.99,"y58":811.99,"x59":118,"y59":743,"x60":97,"y60":694.99,"x61":104,"y61":618.99,"x62":88.99,"y62":614,"x63":88,"y63":541.99,"x64":107,"y64":523,"x65":148,"y65":481.99,"x66":271.99,"y66":451,"x67":278,"y67":361,"x68":287,"y68":317,"x69":268,"y69":236,"x70":228.99,"y70":178,"x71":199.99,"y71":121}}]},"time_labeled":1583830263306,"labeled":true,"size":{"width":1200,"height":900,"depth":3}}