{"path":"D:\\iss\\S3\\CA1\\data\\image_242.jpg","outputs":{"object":[{"name":"chair","polygon":{"x1":80,"y1":31,"x2":601.01,"y2":37.01,"x3":641.01,"y3":55,"x4":641.01,"y4":114,"x5":743,"y5":462,"x6":764.01,"y6":462,"x7":781.01,"y7":394.01,"x8":731.01,"y8":367.01,"x9":734.01,"y9":342,"x10":761.01,"y10":352,"x11":851.01,"y11":369.01,"x12":934.01,"y12":360.01,"x13":1011.01,"y13":319.01,"x14":1071.01,"y14":325,"x15":1065.01,"y15":349.01,"x16":1046,"y16":361,"x17":1068.01,"y17":445,"x18":1109,"y18":480.01,"x19":1094.01,"y19":534.01,"x20":1125.01,"y20":834.01,"x21":1094.01,"y21":817.01,"x22":1034.01,"y22":594.01,"x23":874.01,"y23":622,"x24":757.01,"y24":627.01,"x25":712,"y25":747.01,"x26":688.01,"y26":732,"x27":704.01,"y27":625,"x28":529,"y28":616.01,"x29":503,"y29":625,"x30":529,"y30":876.01,"x31":500,"y31":865,"x32":440,"y32":630.01,"x33":347.01,"y33":645,"x34":241.01,"y34":658,"x35":197.01,"y35":643.01,"x36":140,"y36":790.01,"x37":125.00999999999999,"y37":784.01,"x38":142,"y38":583.01,"x39":175.01,"y39":516.01,"x40":118.00999999999999,"y40":301,"x41":79,"y41":109.01}}]},"time_labeled":1583831405530,"labeled":true,"size":{"width":1200,"height":900,"depth":3}}