{"path":"D:\\iss\\S3\\CA1\\data\\image_221.jpg","outputs":{"object":[{"name":"chair","polygon":{"x1":274,"y1":64.01,"x2":328,"y2":60.01,"x3":432.99,"y3":60.01,"x4":442.99,"y4":51,"x5":751.99,"y5":54.01,"x6":761,"y6":54.01,"x7":781,"y7":60.01,"x8":830,"y8":55,"x9":841,"y9":69.01,"x10":854,"y10":63.01,"x11":908,"y11":64.01,"x12":910,"y12":87.00999999999999,"x13":904,"y13":144.01,"x14":884,"y14":394.01,"x15":892.99,"y15":412,"x16":947,"y16":460.01,"x17":1025.99,"y17":516.01,"x18":1034,"y18":534.01,"x19":1028,"y19":555,"x20":1015.99,"y20":556.01,"x21":955,"y21":555,"x22":955.99,"y22":565,"x23":951.99,"y23":571,"x24":967,"y24":592,"x25":965,"y25":601,"x26":967,"y26":609.01,"x27":968,"y27":624.01,"x28":968,"y28":630.01,"x29":975.99,"y29":658,"x30":971,"y30":706.01,"x31":975.99,"y31":723.01,"x32":975.99,"y32":765,"x33":974,"y33":772,"x34":968,"y34":870.01,"x35":952.99,"y35":876.01,"x36":938,"y36":874.01,"x37":928,"y37":868,"x38":912.99,"y38":772,"x39":904.99,"y39":763.01,"x40":904.99,"y40":744.01,"x41":901.99,"y41":735,"x42":890,"y42":714.01,"x43":298.99,"y43":721,"x44":291.99,"y44":727.01,"x45":288.99,"y45":744.01,"x46":280,"y46":775,"x47":262.99,"y47":855,"x48":260,"y48":865,"x49":241.99,"y49":876.01,"x50":218,"y50":876.01,"x51":214,"y51":867.01,"x52":217,"y52":775,"x53":211.99,"y53":751,"x54":215,"y54":736.01,"x55":218,"y55":730.01,"x56":214,"y56":717.01,"x57":220,"y57":712,"x58":211.99,"y58":667.01,"x59":222.99,"y59":637.01,"x60":224,"y60":627.01,"x61":221,"y61":615,"x62":227,"y62":594.01,"x63":241,"y63":570.01,"x64":232.99,"y64":555,"x65":172.99,"y65":556.01,"x66":161,"y66":538,"x67":165.99,"y67":516.01,"x68":262.99,"y68":447.01,"x69":301.99,"y69":400.01,"x70":298.99,"y70":276.01,"x71":290,"y71":181,"x72":281,"y72":106.00999999999999}}]},"time_labeled":1583829395537,"labeled":true,"size":{"width":1200,"height":900,"depth":3}}