{"path":"D:\\iss\\S3\\CA1\\data\\image_223.jpg","outputs":{"object":[{"name":"chair","polygon":{"x1":65,"y1":89,"x2":102.99000000000001,"y2":65.00999999999999,"x3":156.99,"y3":52,"x4":344,"y4":37.01,"x5":552.99,"y5":29,"x6":664,"y6":37.01,"x7":755,"y7":55.010000000000005,"x8":791,"y8":89,"x9":769.99,"y9":107.01,"x10":734,"y10":119,"x11":694.99,"y11":128.01,"x12":678.99,"y12":121.01,"x13":676.99,"y13":128.01,"x14":658.99,"y14":130,"x15":666.99,"y15":241.01,"x16":685,"y16":314.01,"x17":706.99,"y17":349,"x18":985,"y18":388.01,"x19":1035,"y19":410,"x20":1044,"y20":425.01,"x21":1082.99,"y21":428.01,"x22":1088.99,"y22":502,"x23":1061,"y23":536,"x24":1045.99,"y24":599,"x25":1044,"y25":667.01,"x26":1075.99,"y26":734.01,"x27":1088,"y27":793,"x28":1064,"y28":802,"x29":1019.99,"y29":802,"x30":979.99,"y30":692,"x31":961,"y31":604.01,"x32":955,"y32":550,"x33":981.99,"y33":490,"x34":982.99,"y34":484.01,"x35":705.99,"y35":518.01,"x36":688,"y36":589,"x37":646.99,"y37":664.01,"x38":631,"y38":689,"x39":601,"y39":698.01,"x40":565,"y40":680,"x41":568,"y41":661.01,"x42":606.99,"y42":599,"x43":625.99,"y43":536,"x44":625.99,"y44":520,"x45":481.99,"y45":535.01,"x46":488,"y46":548.01,"x47":469.99,"y47":590,"x48":461,"y48":676,"x49":469.99,"y49":781.01,"x50":485,"y50":854.01,"x51":481.99,"y51":863,"x52":462.99,"y52":869,"x53":438.99,"y53":871.01,"x54":421.99,"y54":860,"x55":395,"y55":731.01,"x56":379.99,"y56":638.01,"x57":391.99,"y57":542,"x58":396.99,"y58":530,"x59":271.99,"y59":488.01,"x60":275,"y60":601.01,"x61":265.99,"y61":677.01,"x62":249.99,"y62":733,"x63":211.99,"y63":739,"x64":192.99,"y64":727.01,"x65":191,"y65":698.01,"x66":208.99,"y66":598.01,"x67":202.99,"y67":484.01,"x68":185,"y68":380,"x69":158,"y69":298.01,"x70":148,"y70":224.01,"x71":138.99,"y71":155.01,"x72":115.99000000000001,"y72":148.01,"x73":75.99,"y73":143,"x74":66.99,"y74":127.01}}]},"time_labeled":1583829598256,"labeled":true,"size":{"width":1200,"height":900,"depth":3}}