{"path":"D:\\iss\\S3\\CA1\\data\\image_259.jpg","outputs":{"object":[{"name":"chair","polygon":{"x1":185,"y1":16,"x2":225.99,"y2":34.010000000000005,"x3":263,"y3":23,"x4":555.99,"y4":64.00999999999999,"x5":591.99,"y5":91.01,"x6":625,"y6":68.00999999999999,"x7":655.99,"y7":91.01,"x8":661.99,"y8":278.01,"x9":681.99,"y9":296,"x10":738.99,"y10":299,"x11":787,"y11":290,"x12":961,"y12":302,"x13":970,"y13":313,"x14":998,"y14":314.01,"x15":997,"y15":337,"x16":975.99,"y16":344.01,"x17":975.99,"y17":392,"x18":1050,"y18":479,"x19":1038,"y19":551.01,"x20":1025.99,"y20":566,"x21":974,"y21":758.01,"x22":947,"y22":715.01,"x23":975.99,"y23":565.01,"x24":745,"y24":590,"x25":638,"y25":604.01,"x26":625,"y26":685.01,"x27":598.99,"y27":677,"x28":595.99,"y28":596,"x29":550,"y29":599,"x30":527,"y30":623,"x31":531.99,"y31":652,"x32":524,"y32":865.01,"x33":500,"y33":875.01,"x34":475,"y34":871.01,"x35":470,"y35":832,"x36":478,"y36":815.01,"x37":455,"y37":622,"x38":454,"y38":608.01,"x39":443,"y39":599,"x40":433,"y40":595.01,"x41":355,"y41":568.01,"x42":315.99,"y42":692,"x43":315.99,"y43":709,"x44":305,"y44":731.01,"x45":305,"y45":731.01,"x46":271,"y46":724.01,"x47":285.99,"y47":680,"x48":295.99,"y48":542,"x49":280,"y49":532,"x50":275,"y50":473,"x51":295.99,"y51":454.01,"x52":263,"y52":337,"x53":238,"y53":331.01,"x54":233,"y54":307,"x55":245,"y55":281.01,"x56":164,"y56":31.009999999999998}}]},"time_labeled":1583838848391,"labeled":true,"size":{"width":1200,"height":900,"depth":3}}