{"path":"D:\\iss\\S3\\CA1\\data\\image_282.jpg","outputs":{"object":[{"name":"chair","polygon":{"x1":78.99,"y1":43,"x2":113,"y2":41.010000000000005,"x3":168.99,"y3":44.010000000000005,"x4":201.99,"y4":31.009999999999998,"x5":254,"y5":43,"x6":331.99,"y6":19,"x7":433,"y7":23,"x8":481.99,"y8":40,"x9":518,"y9":38.010000000000005,"x10":547,"y10":25.009999999999998,"x11":583,"y11":34.01,"x12":674,"y12":22,"x13":706,"y13":38.010000000000005,"x14":683,"y14":70,"x15":676,"y15":104.01,"x16":698,"y16":385.01,"x17":698,"y17":404.01,"x18":1091,"y18":446,"x19":1137,"y19":463,"x20":1141.99,"y20":514.01,"x21":1131,"y21":518.01,"x22":1121.99,"y22":787.01,"x23":1081.99,"y23":800,"x24":1055.01,"y24":787.01,"x25":1058,"y25":703,"x26":946,"y26":686,"x27":496,"y27":740,"x28":498.99,"y28":880,"x29":440,"y29":883,"x30":415.01,"y30":860,"x31":411.99,"y31":785.01,"x32":211.99,"y32":701.01,"x33":194,"y33":748.01,"x34":143,"y34":763,"x35":121,"y35":728.01,"x36":143,"y36":625.01,"x37":148,"y37":485.01,"x38":137,"y38":452,"x39":148.99,"y39":427.01,"x40":143,"y40":326,"x41":121,"y41":172,"x42":80,"y42":88.01,"x43":47,"y43":65.00999999999999,"x44":58,"y44":47.010000000000005}}]},"time_labeled":1583839754176,"labeled":true,"size":{"width":1200,"height":900,"depth":3}}