{"path":"D:\\iss\\S3\\CA1\\data\\image_204.jpg","outputs":{"object":[{"name":"chair","polygon":{"x1":88.01,"y1":71.00999999999999,"x2":125.00999999999999,"y2":38.01,"x3":164,"y3":33,"x4":449,"y4":35.01,"x5":503,"y5":35.01,"x6":545.01,"y6":56,"x7":566,"y7":78.00999999999999,"x8":589,"y8":125.01,"x9":626,"y9":243,"x10":652,"y10":323,"x11":662,"y11":339,"x12":1073,"y12":336,"x13":1080,"y13":353,"x14":1058.01,"y14":368.01,"x15":1133,"y15":735.01,"x16":1118.01,"y16":741.01,"x17":1109,"y17":742,"x18":1086,"y18":739,"x19":1077,"y19":736,"x20":1035.01,"y20":580,"x21":853,"y21":556,"x22":640,"y22":598.01,"x23":656,"y23":652,"x24":626,"y24":658.01,"x25":610,"y25":651.01,"x26":614,"y26":600,"x27":589,"y27":607,"x28":602,"y28":870,"x29":584,"y29":873,"x30":560,"y30":873,"x31":547,"y31":861.01,"x32":505.01,"y32":673,"x33":257,"y33":598.01,"x34":245.01,"y34":664,"x35":241.01,"y35":702,"x36":221.01,"y36":721.01,"x37":209,"y37":730,"x38":188.01,"y38":732,"x39":170,"y39":729,"x40":203,"y40":559,"x41":199,"y41":464,"x42":191.01,"y42":375.01,"x43":149,"y43":270,"x44":118.00999999999999,"y44":180,"x45":83,"y45":105.01}}]},"time_labeled":1583757345610,"labeled":true,"size":{"width":1200,"height":900,"depth":3}}