{"path":"D:\\iss\\S3\\CA1\\data\\image_279.jpg","outputs":{"object":[{"name":"chair","polygon":{"x1":401,"y1":76.01,"x2":488.01,"y2":61,"x3":616,"y3":70.01,"x4":805.01,"y4":51,"x5":1046,"y5":66.01,"x6":1103,"y6":54.01,"x7":1163,"y7":97.00999999999999,"x8":1016,"y8":558,"x9":1004,"y9":693.01,"x10":941,"y10":691,"x11":946,"y11":681,"x12":715.01,"y12":795,"x13":709,"y13":850.01,"x14":680,"y14":867.01,"x15":623,"y15":852,"x16":621.99,"y16":736.01,"x17":275.01,"y17":675,"x18":181,"y18":705,"x19":187,"y19":750.01,"x20":154,"y20":762,"x21":106,"y21":756.01,"x22":50,"y22":540.01,"x23":110,"y23":531,"x24":95.00999999999999,"y24":439.01,"x25":400,"y25":387.01,"x26":436,"y26":300.01,"x27":427,"y27":228,"x28":391,"y28":135}}]},"time_labeled":1583839676946,"labeled":true,"size":{"width":1200,"height":900,"depth":3}}