{"path":"D:\\iss\\S3\\CA1\\data\\image_189.jpg","outputs":{"object":[{"name":"chair","polygon":{"x1":774,"y1":388.01,"x2":781.99,"y2":200,"x3":781.99,"y3":134.01,"x4":786,"y4":88.00999999999999,"x5":786,"y5":50,"x6":765.01,"y6":46,"x7":765.01,"y7":68.01,"x8":680,"y8":65.01,"x9":576,"y9":68.01,"x10":510,"y10":68.01,"x11":510,"y11":52,"x12":486,"y12":52,"x13":486,"y13":104.00999999999999,"x14":486,"y14":176,"x15":481.99,"y15":257,"x16":483,"y16":344.01,"x17":404,"y17":386,"x18":386,"y18":404.01,"x19":385.01,"y19":425.01,"x20":380,"y20":434.01,"x21":380,"y21":460,"x22":391,"y22":458.01,"x23":401.99,"y23":782,"x24":416,"y24":782,"x25":426,"y25":776,"x26":423,"y26":668.01,"x27":708.01,"y27":698.01,"x28":708.01,"y28":764.01,"x29":708.01,"y29":830,"x30":726,"y30":832,"x31":738.01,"y31":826,"x32":740,"y32":616,"x33":750,"y33":590,"x34":750,"y34":698.01,"x35":768.01,"y35":704.01}}]},"time_labeled":1583756800635,"labeled":true,"size":{"width":1200,"height":900,"depth":3}}