{"path":"D:\\iss\\S3\\CA1\\data\\image_90.jpg","outputs":{"object":[{"name":"sofa","polygon":{"x1":477,"y1":501.01,"x2":474,"y2":570,"x3":485,"y3":588.01,"x4":605.99,"y4":654,"x5":603,"y5":666,"x6":603,"y6":690,"x7":750,"y7":780,"x8":755,"y8":798.01,"x9":774,"y9":794.99,"x10":780,"y10":782,"x11":971,"y11":728.01,"x12":993,"y12":528.01,"x13":945,"y13":507,"x14":948,"y14":488.01,"x15":803,"y15":453,"x16":758.99,"y16":444,"x17":705,"y17":432,"x18":645,"y18":423,"x19":627,"y19":434,"x20":627,"y20":450,"x21":603,"y21":438.01,"x22":573,"y22":486}},{"name":"sofa","polygon":{"x1":455,"y1":571.99,"x2":457.01,"y2":541.99,"x3":455,"y3":518,"x4":455,"y4":491,"x5":440.01,"y5":481.99,"x6":413.01,"y6":473,"x7":399.01,"y7":464,"x8":396.01,"y8":445.99,"x9":391,"y9":431,"x10":381,"y10":428,"x11":375,"y11":421.99,"x12":372,"y12":410,"x13":367.01,"y13":404,"x14":337.01,"y14":410,"x15":313.01,"y15":411.99,"x16":294.01,"y16":411.99,"x17":270.01,"y17":411.99,"x18":241,"y18":413,"x19":222,"y19":421.99,"x20":195,"y20":421.99,"x21":175,"y21":421.99,"x22":153.01,"y22":415.99,"x23":133.01,"y23":418.99,"x24":111,"y24":418.99,"x25":102,"y25":425,"x26":115,"y26":437,"x27":111,"y27":443,"x28":90.01,"y28":443,"x29":81,"y29":448,"x30":87.01,"y30":494,"x31":93.01,"y31":560,"x32":97.01,"y32":598,"x33":108,"y33":625.99,"x34":117.00999999999999,"y34":653,"x35":123.00999999999999,"y35":670,"x36":145,"y36":668,"x37":144.01,"y37":650,"x38":291,"y38":625.99,"x39":457.01,"y39":601.99}}]},"time_labeled":1583758506186,"labeled":true,"size":{"width":1200,"height":900,"depth":3}}