{"path":"D:\\iss\\S3\\CA1\\data\\image_70.jpg","outputs":{"object":[{"name":"sofa","polygon":{"x1":211,"y1":606,"x2":211,"y2":630,"x3":214,"y3":666,"x4":257,"y4":674,"x5":257,"y5":654,"x6":377,"y6":618.01,"x7":545,"y7":666,"x8":545.99,"y8":701.99,"x9":561,"y9":704,"x10":564,"y10":811.99,"x11":618,"y11":821.99,"x12":627,"y12":818.01,"x13":821,"y13":894,"x14":921,"y14":720,"x15":924,"y15":611.99,"x16":908.99,"y16":600,"x17":902.99,"y17":564,"x18":701.99,"y18":537,"x19":624,"y19":534,"x20":602.99,"y20":521.99,"x21":587,"y21":528.01,"x22":495,"y22":516,"x23":401.99,"y23":510,"x24":401,"y24":534,"x25":345.99,"y25":528.01,"x26":345.99,"y26":543,"x27":295,"y27":551.99,"x28":298,"y28":588.01,"x29":228.99,"y29":594}},{"name":"chair","polygon":{"x1":900,"y1":500,"x2":897,"y2":524,"x3":911,"y3":530,"x4":908.99,"y4":590,"x5":968.99,"y5":606,"x6":981,"y6":588.01,"x7":975.01,"y7":540,"x8":963,"y8":534,"x9":957,"y9":530,"x10":971.99,"y10":530,"x11":975.01,"y11":504,"x12":954,"y12":504,"x13":934.99,"y13":504}},{"name":"chair","polygon":{"x1":21,"y1":551.99,"x2":27.009999999999998,"y2":625.99,"x3":36.01,"y3":624,"x4":33.01,"y4":594,"x5":46.010000000000005,"y5":591,"x6":63.01,"y6":599.99,"x7":66.00999999999999,"y7":638,"x8":76.00999999999999,"y8":635.99,"x9":78,"y9":595.99,"x10":123.01,"y10":588,"x11":123.01,"y11":611.99,"x12":132,"y12":608,"x13":132,"y13":588,"x14":135,"y14":585,"x15":138,"y15":629.99,"x16":147.01,"y16":624,"x17":150.01,"y17":551.99,"x18":159.01,"y18":541.99,"x19":142,"y19":539.99,"x20":138,"y20":518,"x21":58,"y21":534,"x22":58,"y22":558,"x23":28,"y23":551.99}}]},"time_labeled":1583675838375,"labeled":true,"size":{"width":1200,"height":900,"depth":3}}