{"path":"D:\\iss\\S3\\CA1\\data\\image_76.jpg","outputs":{"object":[{"name":"chair","polygon":{"x1":1006.99,"y1":48.989999999999995,"x2":992.99,"y2":378.99,"x3":992.99,"y3":716.99,"x4":975,"y4":728.99,"x5":952.99,"y5":725.99,"x6":951,"y6":618,"x7":839.99,"y7":684,"x8":838.99,"y8":824.99,"x9":818.99,"y9":836.99,"x10":794.99,"y10":829.99,"x11":796.99,"y11":685.99,"x12":665.99,"y12":654,"x13":675,"y13":744,"x14":656.99,"y14":751.99,"x15":638.99,"y15":749.99,"x16":632.99,"y16":641.99,"x17":581.99,"y17":674,"x18":578.99,"y18":751.99,"x19":558,"y19":761.99,"x20":536.99,"y20":751.99,"x21":536.99,"y21":698.99,"x22":526.99,"y22":708,"x23":525,"y23":845.99,"x24":504,"y24":859.99,"x25":482.99,"y25":851.99,"x26":482.99,"y26":708,"x27":268,"y27":654,"x28":261.99,"y28":768,"x29":244,"y29":782.99,"x30":221,"y30":779.99,"x31":219.99,"y31":438,"x32":205,"y32":431.99,"x33":205,"y33":408,"x34":381.99,"y34":361,"x35":388.99,"y35":55.989999999999995,"x36":404.99,"y36":38,"x37":422.99,"y37":42.989999999999995,"x38":435,"y38":55.989999999999995,"x39":436.99,"y39":72.99000000000001,"x40":651,"y40":85.99000000000001,"x41":654,"y41":66.99000000000001,"x42":681,"y42":66.99000000000001,"x43":686.99,"y43":72.99000000000001,"x44":681,"y44":338,"x45":692.99,"y45":336.99,"x46":708,"y46":31,"x47":716.99,"y47":25,"x48":731,"y48":25,"x49":746.99,"y49":28,"x50":746.99,"y50":42.989999999999995,"x51":968.99,"y51":61,"x52":971,"y52":42.989999999999995,"x53":986.99,"y53":42.989999999999995}}]},"time_labeled":1583675834630,"labeled":true,"size":{"width":1200,"height":900,"depth":3}}