{"path":"D:\\iss\\S3\\CA1\\data\\image_66.jpg","outputs":{"object":[{"name":"sofa","polygon":{"x1":833,"y1":516,"x2":833,"y2":594.01,"x3":834,"y3":612,"x4":839,"y4":614.01,"x5":837,"y5":633,"x6":845.01,"y6":638.01,"x7":861.01,"y7":618.01,"x8":999,"y8":654.01,"x9":1011.01,"y9":674.01,"x10":1017,"y10":696,"x11":1035.01,"y11":696,"x12":1023,"y12":660,"x13":1127,"y13":648.01,"x14":1149,"y14":680,"x15":1154.99,"y15":680,"x16":1149,"y16":654.01,"x17":1140,"y17":648.01,"x18":1157,"y18":648.01,"x19":1167,"y19":606,"x20":1167,"y20":566,"x21":1164,"y21":552,"x22":1163,"y22":542,"x23":1149,"y23":534.01,"x24":1101.01,"y24":528.01,"x25":1125.01,"y25":504.01,"x26":1137,"y26":486,"x27":1140,"y27":474.01,"x28":1113,"y28":462,"x29":1071.01,"y29":458.01,"x30":1053,"y30":456,"x31":1032,"y31":482,"x32":993,"y32":482,"x33":957,"y33":480,"x34":948.01,"y34":488.01,"x35":939,"y35":498.01,"x36":891.01,"y36":507,"x37":855.01,"y37":507}},{"name":"sofa","polygon":{"x1":765.01,"y1":630,"x2":750,"y2":611.99,"x3":765.01,"y3":605.99,"x4":771,"y4":560,"x5":773,"y5":534,"x6":773,"y6":515.99,"x7":753,"y7":504,"x8":714,"y8":500,"x9":699,"y9":494,"x10":693,"y10":480,"x11":675.01,"y11":468,"x12":600,"y12":468,"x13":561,"y13":471,"x14":555.01,"y14":455.99,"x15":546,"y15":438,"x16":507,"y16":434,"x17":450,"y17":434,"x18":411,"y18":434,"x19":401.99,"y19":447,"x20":411,"y20":475.99,"x21":408.01,"y21":495,"x22":381.99,"y22":500,"x23":370,"y23":505.99,"x24":370,"y24":560,"x25":376,"y25":601.99,"x26":408.01,"y26":618,"x27":426,"y27":630,"x28":417,"y28":657,"x29":437,"y29":660,"x30":465.01,"y30":620,"x31":525.01,"y31":621,"x32":633,"y32":624,"x33":717,"y33":611.99,"x34":729,"y34":611.99,"x35":755.01,"y35":638.99,"x36":771,"y36":638.99}},{"name":"sofa","polygon":{"x1":333.01,"y1":695.99,"x2":327.01,"y2":678,"x3":330.01,"y3":654,"x4":333.01,"y4":611.99,"x5":333.01,"y5":575.99,"x6":333.01,"y6":539.99,"x7":243.01,"y7":534,"x8":189.01,"y8":528,"x9":171,"y9":511.99,"x10":120.01,"y10":498,"x11":63.01,"y11":518.99,"x12":36.01,"y12":531,"x13":39.010000000000005,"y13":548.99,"x14":60.01,"y14":554,"x15":27.009999999999998,"y15":567,"x16":24.009999999999998,"y16":588,"x17":21,"y17":638,"x18":22,"y18":671.99,"x19":27.009999999999998,"y19":708,"x20":34.01,"y20":708,"x21":36.01,"y21":725.99,"x22":33.01,"y22":744,"x23":40.010000000000005,"y23":744,"x24":63.01,"y24":709.99,"x25":105,"y25":701.99,"x26":195,"y26":709.99,"x27":234.01,"y27":714,"x28":234.01,"y28":751.99,"x29":243.01,"y29":758.99,"x30":250.01,"y30":745.99,"x31":258,"y31":709.99,"x32":282,"y32":695.99,"x33":303.01,"y33":684,"x34":316.01,"y34":705}}]},"time_labeled":1583675840722,"labeled":true,"size":{"width":1200,"height":900,"depth":3}}