{"path":"D:\\iss\\S3\\CA1\\data\\image_58.jpg","outputs":{"object":[{"name":"chair","polygon":{"x1":58,"y1":350,"x2":77,"y2":453,"x3":81.99,"y3":510,"x4":88,"y4":518.99,"x5":148.99,"y5":690,"x6":171.99,"y6":728,"x7":192.99,"y7":731.99,"x8":214,"y8":721.99,"x9":172.99,"y9":625.99,"x10":154,"y10":554,"x11":551,"y11":660,"x12":555,"y12":875.99,"x13":585,"y13":888,"x14":608.99,"y14":875.99,"x15":621,"y15":641.99,"x16":908.99,"y16":540,"x17":935.99,"y17":543,"x18":911.99,"y18":714,"x19":935.99,"y19":715.99,"x20":957,"y20":704,"x21":982.99,"y21":590,"x22":998.99,"y22":450,"x23":1011,"y23":355,"x24":1028.99,"y24":343,"x25":1025.99,"y25":331,"x26":987,"y26":325,"x27":981,"y27":328,"x28":1022.99,"y28":241,"x29":1037,"y29":205.99,"x30":1052.99,"y30":97,"x31":1061,"y31":67,"x32":1061.99,"y32":31,"x33":1035,"y33":18.990000000000002,"x34":731.99,"y34":14,"x35":597,"y35":25,"x36":561,"y36":43,"x37":558,"y37":75.99000000000001,"x38":558,"y38":168.99,"x39":488.99,"y39":295,"x40":201.99,"y40":325,"x41":67,"y41":348.99}}]},"time_labeled":1583675845543,"labeled":true,"size":{"width":1200,"height":900,"depth":3}}