{"path":"D:\\iss\\S3\\CA1\\data\\image_196.jpg","outputs":{"object":[{"name":"sofa","polygon":{"x1":319,"y1":467.01,"x2":370,"y2":458.01,"x3":383,"y3":471.01,"x4":383,"y4":477.01,"x5":531.99,"y5":476,"x6":526,"y6":452,"x7":758.01,"y7":449,"x8":763,"y8":464.01,"x9":766,"y9":479,"x10":784,"y10":476,"x11":805.01,"y11":479,"x12":845.01,"y12":501.01,"x13":847,"y13":532,"x14":841,"y14":549,"x15":824,"y15":558.01,"x16":823,"y16":571.01,"x17":823,"y17":577.01,"x18":847,"y18":598.01,"x19":848.01,"y19":630,"x20":844,"y20":648.01,"x21":514,"y21":642,"x22":508.01,"y22":645.01,"x23":487,"y23":706,"x24":239,"y24":706,"x25":230,"y25":601.01,"x26":257,"y26":586,"x27":257,"y27":580,"x28":293,"y28":588.01,"x29":280,"y29":523,"x30":283,"y30":510,"x31":299,"y31":513}},{"name":"chair","polygon":{"x1":971,"y1":477,"x2":1031,"y2":478.99,"x3":1079.99,"y3":478.99,"x4":1088.99,"y4":488,"x5":1088,"y5":504,"x6":1082.99,"y6":528.99,"x7":1139.99,"y7":535.01,"x8":1145,"y8":551.99,"x9":1137,"y9":568,"x10":1142.99,"y10":655.01,"x11":1138.99,"y11":658,"x12":1128,"y12":595.01,"x13":1085,"y13":604,"x14":1088.99,"y14":645.01,"x15":1082.99,"y15":645.01,"x16":1075.99,"y16":603,"x17":1034,"y17":600,"x18":1011,"y18":601,"x19":1012.99,"y19":655.01,"x20":1001,"y20":655.01,"x21":1001.99,"y21":594,"x22":991.99,"y22":591.99,"x23":985.99,"y23":627,"x24":979.99,"y24":624,"x25":985,"y25":585.01,"x26":968,"y26":523,"x27":977,"y27":517}},{"name":"chair","polygon":{"x1":39.010000000000005,"y1":458.99,"x2":91,"y2":458,"x3":90.01,"y3":469.99,"x4":93.01,"y4":479.99,"x5":105,"y5":511,"x6":103.01,"y6":531.99,"x7":103.01,"y7":555,"x8":117.01,"y8":558.99,"x9":115,"y9":577,"x10":93.01,"y10":582.99,"x11":84.00999999999999,"y11":594,"x12":84.00999999999999,"y12":609.99,"x13":123.01,"y13":607,"x14":121,"y14":615.99,"x15":91,"y15":615.99,"x16":117.01,"y16":642.99,"x17":112,"y17":659.99,"x18":103.01,"y18":659.99,"x19":102,"y19":639.99,"x20":79.00999999999999,"y20":618,"x21":54.01,"y21":627,"x22":42,"y22":639.99,"x23":36.01,"y23":651.99,"x24":24.009999999999998,"y24":651.99,"x25":25,"y25":641.99,"x26":40.010000000000005,"y26":621.99,"x27":27.009999999999998,"y27":629.99,"x28":21,"y28":638.99,"x29":21,"y29":628,"x30":31,"y30":618.99,"x31":78,"y31":608.99,"x32":75,"y32":585,"x33":43.010000000000005,"y33":591.99,"x34":34.01,"y34":594,"x35":37.010000000000005,"y35":588,"x36":49.010000000000005,"y36":585.99,"x37":67.00999999999999,"y37":581.99,"x38":30.009999999999998,"y38":571,"x39":30.009999999999998,"y39":564,"x40":24.009999999999998,"y40":552.99,"x41":24.009999999999998,"y41":542.99,"x42":27.009999999999998,"y42":539.99,"x43":28,"y43":495,"x44":31,"y44":478.99}}]},"time_labeled":1584340586553,"labeled":true,"size":{"width":1200,"height":900,"depth":3}}