{"path":"D:\\iss\\S3\\CA1\\data\\image_4.jpg","outputs":{"object":[{"name":"sofa","polygon":{"x1":940.01,"y1":781.99,"x2":942,"y2":728,"x3":967.01,"y3":734,"x4":1054.01,"y4":700,"x5":1054.01,"y5":764,"x6":1072,"y6":758,"x7":1072,"y7":698,"x8":1102,"y8":681.99,"x9":1108,"y9":470,"x10":1061,"y10":470,"x11":1066.01,"y11":440,"x12":1055,"y12":418.99,"x13":1018,"y13":411.99,"x14":904,"y14":401,"x15":832,"y15":398,"x16":742,"y16":386,"x17":688,"y17":381.99,"x18":664.01,"y18":377,"x19":652,"y19":380,"x20":628,"y20":391.99,"x21":628,"y21":404,"x22":568,"y22":400,"x23":564.01,"y23":434,"x24":502,"y24":441.99,"x25":490.01,"y25":451.99,"x26":487.01,"y26":488,"x27":481,"y27":551,"x28":484.01,"y28":593,"x29":496.01,"y29":590,"x30":523.01,"y30":581,"x31":556.01,"y31":590,"x32":558,"y32":578,"x33":580.01,"y33":598.99,"x34":607.01,"y34":601.99,"x35":619.01,"y35":586,"x36":648,"y36":596,"x37":658,"y37":614,"x38":664.01,"y38":614,"x39":672,"y39":590,"x40":682,"y40":601.99,"x41":690.01,"y41":620,"x42":822,"y42":644,"x43":820.01,"y43":704,"x44":919.01,"y44":725.01,"x45":922,"y45":781.99}},{"name":"sofa","polygon":{"x1":108.99000000000001,"y1":411,"x2":108.99000000000001,"y2":432.01,"x3":108.99000000000001,"y3":456,"x4":80.99,"y4":456,"x5":67,"y5":468.01,"x6":73,"y6":660,"x7":108.99000000000001,"y7":666,"x8":108.99000000000001,"y8":720,"x9":123,"y9":720,"x10":120.99000000000001,"y10":672.01,"x11":234.99,"y11":696,"x12":250,"y12":687,"x13":253,"y13":744,"x14":264.99,"y14":744,"x15":267,"y15":684,"x16":373,"y16":660,"x17":384.99,"y17":720,"x18":404.99,"y18":711,"x19":397,"y19":660,"x20":420.99,"y20":651,"x21":420.99,"y21":603,"x22":423.99,"y22":600,"x23":430,"y23":470,"x24":408.99,"y24":450,"x25":360.99,"y25":450,"x26":330.99,"y26":447,"x27":343,"y27":381,"x28":288.99,"y28":396,"x29":273,"y29":399.01,"x30":258.99,"y30":380,"x31":157,"y31":392.01}},{"name":"chair","polygon":{"x1":342.99,"y1":314,"x2":355,"y2":314,"x3":365,"y3":325.99,"x4":371,"y4":350,"x5":371,"y5":385.99,"x6":377,"y6":410,"x7":385,"y7":421.99,"x8":407,"y8":428,"x9":418.99,"y9":434,"x10":442.99,"y10":434,"x11":467,"y11":437,"x12":468.99,"y12":467,"x13":468.99,"y13":494,"x14":462.99,"y14":497,"x15":472.99,"y15":530,"x16":478.99,"y16":554,"x17":472.99,"y17":565.99,"x18":464,"y18":544,"x19":461,"y19":520,"x20":461,"y20":505.99,"x21":448.99,"y21":500,"x22":457,"y22":524,"x23":458,"y23":538.99,"x24":461,"y24":557,"x25":461,"y25":568.99,"x26":461,"y26":578,"x27":448.99,"y27":578,"x28":445.99,"y28":535.99,"x29":442.99,"y29":511.99,"x30":437,"y30":505.99,"x31":431,"y31":505.99,"x32":431,"y32":461,"x33":412.99,"y33":440,"x34":341,"y34":440}}]},"time_labeled":1583676088276,"labeled":true,"size":{"width":1200,"height":900,"depth":3}}