{"path":"D:\\iss\\S3\\CA1\\data\\image_182.jpg","outputs":{"object":[{"name":"sofa","polygon":{"x1":17,"y1":559.99,"x2":17,"y2":705.99,"x3":65.00999999999999,"y3":709.99,"x4":74,"y4":725,"x5":91.99,"y5":808,"x6":125.01,"y6":829.99,"x7":137,"y7":878,"x8":146,"y8":871.99,"x9":143,"y9":829.99,"x10":404,"y10":751.99,"x11":425.01,"y11":694,"x12":437,"y12":679.99,"x13":511.99,"y13":668,"x14":553,"y14":679.99,"x15":611,"y15":658.99,"x16":593,"y16":609.99,"x17":596,"y17":568.99,"x18":521,"y18":568.99,"x19":518,"y19":559.99,"x20":527,"y20":519.99,"x21":481.99,"y21":529.99,"x22":443,"y22":518,"x23":437,"y23":525.99,"x24":215.01,"y24":538,"x25":101,"y25":541.99,"x26":77,"y26":544,"x27":31.990000000000002,"y27":548}},{"name":"chair","polygon":{"x1":860,"y1":620,"x2":860,"y2":638.01,"x3":861,"y3":656,"x4":864,"y4":670,"x5":864,"y5":691.99,"x6":876,"y6":710,"x7":884,"y7":711.99,"x8":873,"y8":766,"x9":881.99,"y9":764,"x10":894,"y10":711.99,"x11":951,"y11":741.99,"x12":941.99,"y12":801.99,"x13":948.01,"y13":800,"x14":963,"y14":746,"x15":1065.01,"y15":754,"x16":1070,"y16":788.01,"x17":1071,"y17":784,"x18":1074,"y18":781.99,"x19":1076,"y19":754,"x20":1098.01,"y20":754,"x21":1104,"y21":741.99,"x22":1104,"y22":728.01,"x23":1100,"y23":716,"x24":1100,"y24":704,"x25":1106,"y25":688.01,"x26":1110,"y26":674,"x27":1110,"y27":658.01,"x28":1111.99,"y28":650,"x29":1124,"y29":650,"x30":1125.01,"y30":631.99,"x31":1128.01,"y31":614,"x32":1130,"y32":598.01,"x33":1128.01,"y33":571.99,"x34":1125.01,"y34":548.01,"x35":1118.01,"y35":536,"x36":1061.99,"y36":530,"x37":1028.01,"y37":531.99,"x38":1016,"y38":530,"x39":1014,"y39":554,"x40":1014,"y40":563,"x41":1004,"y41":560,"x42":986,"y42":584,"x43":978.01,"y43":598.01,"x44":968.01,"y44":621.99,"x45":915.01,"y45":616,"x46":884,"y46":616}},{"name":"chair","polygon":{"x1":797.01,"y1":655.99,"x2":800.01,"y2":638,"x3":800.01,"y3":614,"x4":785,"y4":608,"x5":755,"y5":604,"x6":740.01,"y6":601.99,"x7":740.01,"y7":574,"x8":734.01,"y8":535.99,"x9":728,"y9":518,"x10":698,"y10":514,"x11":656.01,"y11":518,"x12":632,"y12":521,"x13":632,"y13":565.99,"x14":635,"y14":595.99,"x15":631,"y15":638,"x16":632,"y16":644,"x17":701,"y17":645.99,"x18":719.01,"y18":645.99,"x19":740.01,"y19":644,"x20":776.01,"y20":647}}]},"time_labeled":1583755562885,"labeled":true,"size":{"width":1200,"height":900,"depth":3}}