{"path":"D:\\iss\\S3\\CA1\\data\\image_178.jpg","outputs":{"object":[{"name":"sofa","polygon":{"x1":70,"y1":572,"x2":73,"y2":611.01,"x3":40,"y3":617.01,"x4":19,"y4":626,"x5":24.009999999999998,"y5":683,"x6":24.009999999999998,"y6":776,"x7":130,"y7":836,"x8":180.99,"y8":812,"x9":367.01,"y9":742,"x10":373,"y10":712,"x11":442,"y11":686,"x12":466,"y12":674.01,"x13":472,"y13":668.01,"x14":493,"y14":662,"x15":499,"y15":674.01,"x16":526,"y16":662,"x17":570.99,"y17":671.01,"x18":595,"y18":662,"x19":595,"y19":566,"x20":550,"y20":560.01,"x21":520,"y21":556,"x22":520,"y22":518.01,"x23":478,"y23":508.01,"x24":442,"y24":518.01,"x25":418,"y25":520.01,"x26":394.01,"y26":502,"x27":349,"y27":512,"x28":334.01,"y28":515,"x29":330.99,"y29":527.01,"x30":270.99,"y30":532,"x31":226,"y31":533,"x32":220,"y32":545.01,"x33":190,"y33":551.01,"x34":184.01,"y34":542,"x35":160,"y35":542,"x36":127.01,"y36":557.01,"x37":106,"y37":562}},{"name":"chair","polygon":{"x1":671,"y1":496,"x2":655.99,"y2":538.01,"x3":616.99,"y3":548.01,"x4":605,"y4":551.01,"x5":606.99,"y5":656,"x6":616.99,"y6":658.01,"x7":625,"y7":628.01,"x8":725,"y8":638.01,"x9":728,"y9":680,"x10":745,"y10":676,"x11":745,"y11":638.01,"x12":778.99,"y12":626,"x13":778.99,"y13":572,"x14":794,"y14":566,"x15":796.99,"y15":502,"x16":761,"y16":500}},{"name":"chair","polygon":{"x1":845,"y1":508,"x2":832.99,"y2":554,"x3":785,"y3":571.99,"x4":781,"y4":634,"x5":781.99,"y5":694,"x6":797,"y6":691.99,"x7":797,"y7":651.99,"x8":948.99,"y8":679.99,"x9":950,"y9":721.99,"x10":974,"y10":728,"x11":971,"y11":679.99,"x12":988.99,"y12":668,"x13":988.99,"y13":691.99,"x14":1007,"y14":691.99,"x15":1007,"y15":571.99,"x16":995,"y16":571.99,"x17":1001,"y17":518,"x18":988.99,"y18":514}}]},"time_labeled":1583676109660,"labeled":true,"size":{"width":1200,"height":900,"depth":3}}